background_activity,e_i_weight,i_e_weight,i_frequency
15.095621488966966,4.9317965951712415,5.011403421477593,10.003928854474928
15.409038090400344,4.352672692382085,5.004350305360246,10.016292981604826
16.070722700942955,4.853311988060923,5.4263161399858895,10.029070244970221
14.87160205221977,4.61576256587763,5.512663600021501,10.00039379338751
14.857368199568512,4.801095179484031,5.301988526102628,10.01385940065243
15.410309001589205,4.493253952692954,5.000196622491052,11.057570189048453
14.565280271143937,4.676538873710152,5.026258660295539,10.015994460893726
15.998574392065912,4.446748010610894,5.505305849662459,11.35782274543529
14.109730907250611,5.406321906626548,5.002860488108936,10.489353390793077
15.383497376827107,5.080703416941104,5.003407216625923,10.022751936678064
15.593935019405695,4.901293869820331,5.00754197746554,10.030353919346535
15.126121114404736,4.394514859772508,5.610331547266243,11.10487545222638
14.243673997457757,5.2319677996323,5.297981611478851,10.517272825550453
15.687023035716205,4.130344801654021,5.290696377694987,10.002592436633114
15.213276352589306,4.503881192457266,5.0104624468015775,10.00693826891176
16.017569128140323,4.3671170622988695,5.756247110708227,11.140613141224417
15.307019488358751,3.903833415380239,5.502908661974822,10.021627222841182
14.383867565265247,4.938724781436509,6.397054881713484,10.01054700589464
14.87231261634513,4.265838793321645,5.510678610846215,10.033778900153717
13.597567750058142,4.525350381272258,6.2465199966680425,10.005038508733307
14.938962776597178,4.252806296721943,5.4743560690162765,10.55277788302081
15.275575223076471,4.347004823059557,5.442020879759057,10.032314538460893
14.765062342146644,4.661892498717009,5.553350445248281,10.034352238823766
14.80661941941161,5.035813187998431,5.4602078122241355,10.0141984376249
15.548688118062952,5.016956045633832,6.233021627225436,10.020739281197164
15.115945095318839,4.672839357286135,5.002684553747455,10.536063785212475
13.941229467907707,5.054967436389199,5.304776456493568,10.018638686754725
16.06494564007737,4.810247223497973,5.480826581412431,10.952928147508967
14.911460710050854,4.613087394190327,5.89404468541364,10.059641382262694
15.035874185740377,4.513357084096624,5.447131244480651,10.62526973964693
15.090377244563445,4.508654616286401,5.54611464361064,10.008677801499934
15.36869591361848,4.887542170486931,5.00998215926852,10.0169421345056
14.056158152430438,4.759672709338669,5.470427353265295,10.028268699332184
15.448691219085248,4.337027910859303,5.93226832873236,10.00781739350435
14.802453735864235,5.30397655429952,5.241102766132404,10.512966845695844
14.64148779054376,5.1655534043599385,5.521745136902397,10.00964701580137
14.479731851672907,4.376781625578661,5.297326550299917,10.996043262720033
14.81903504851367,5.076098609140112,5.016513701407041,10.647854215744301
15.881518111845672,4.748917749963461,5.009186656825354,11.012534572979385
14.791253594410625,4.504311076007312,6.258984397629885,10.000950114655213
14.427522246283589,4.894856500128563,5.002087187722192,11.12018986817795
14.256454058186957,4.572452477203497,5.2514003044771105,10.57425955257682
15.138906596008107,4.876816308226401,5.5359307477517135,10.038498651409283
14.610367812317293,4.951085154282574,5.0110298616612585,11.375208392621833
15.330689085162726,5.119533457234149,5.012750947237458,10.016676494318283
14.743278614329355,4.911801214415561,6.367802572525166,11.174493300149422
14.641809670452194,5.068042232903416,5.006350106441253,10.022993376009206
13.792765298417004,5.243088839060408,5.007810708719181,11.086560995501669
15.101190432591656,4.36565116833562,6.390628563097756,10.037641236598338
13.944778526612378,4.585741253626672,7.071694981713501,10.57557731586226
15.180004466641392,4.45894394139701,5.005025366563983,10.008509867934318
14.831955362295007,4.109072922378609,5.281855223351544,10.018444832637893
15.048015367661755,4.398767789901471,5.507645174663896,10.538941019824165
15.656912040954172,4.274359059760833,5.682286578232365,10.57123437330165
14.647640406789524,5.319312471291692,5.490284150105257,10.02390077779408
14.857659770227478,4.758077633687927,5.456418648202127,10.975139025247781
16.126216937904243,4.586101305624573,5.8320149629146165,11.048038739122667
15.003406794777941,4.360959041757928,5.001808811892055,12.198136464252915
14.894195132762503,4.765448061097632,6.175465845376908,10.028821972501797
15.738433529689178,3.9369688963839167,7.097789669083707,10.046092946736836
14.290392549297867,4.257780355999793,5.003207662092065,10.005337676466889
14.544382716853113,4.057826037352144,5.259182799135312,10.040053338696508
13.81175815252694,5.2697982709250235,5.25830400938307,10.019078380933298
15.120382597882658,4.606374600759371,5.008402884463032,10.022920916287553
13.943457431436402,4.064148906450891,5.303779033500265,10.033173261784926
14.993617643854606,4.8942194929940825,5.868070682288315,10.649069299160292
15.065711803340431,4.243150025212589,5.310268916418186,10.51166310659626
15.019339829562199,4.2438388401809535,5.014322268775496,11.71119828311067
14.45497672285573,4.5816414187591485,5.29439940153863,10.561591768857765
15.381348597801217,4.065350064375997,5.001311753882978,11.047411943399258
15.60668106322751,4.829397665459005,5.468712553654791,10.525233166167071
15.22695608096231,4.304037559518043,5.270686243642006,10.5370279408974
15.265401269377044,3.9857583477551186,5.907625440731298,10.548253696086045
15.648897234016317,4.99342214799427,5.313596325821062,10.594990799715594
14.963852437408239,4.059176104235552,6.474044174713835,10.031326903499227
15.271869487458172,4.683048052719878,5.520363450433585,10.018488620744797
14.833805292902682,4.509410148360924,6.237643057173729,10.009048847257372
15.033412097763803,4.287266740579681,6.177091753262976,10.54349362816415
13.827264777314932,4.740238693500438,5.7564043988380496,10.02487725206313
14.979983178277282,4.613183633888213,5.3007349014136755,12.438510233307655
14.893290449704416,4.571660912405534,5.912779720224421,11.02745310677688
14.741464579825529,4.684491403930901,5.3504968735807825,11.12169806762146
14.269372273421498,4.105418073451682,5.285715223369357,10.00245092265712
15.942337683155944,4.9610576305719665,5.0028517874738085,11.51882220940102
14.741771422294745,4.432656410974297,5.002444894854499,11.596919350468117
13.10655189574245,4.597773119029598,5.010537498838861,10.007574970761956
15.194014267181368,4.628049357708797,5.300029877804827,10.81199699448743
13.929976624996069,4.1804254572044774,5.70412240501328,10.028743515388305
13.173510678910358,4.725905266333291,5.4930266897493585,10.032542701722972
14.487544055915338,4.416869109143002,6.109134997997701,10.016904816043894
15.026780500328925,5.069982050437599,6.076757733761216,11.036475509489414
13.3888782880714,4.786570892296487,5.0122910945601244,10.558654880813881
14.162318992123149,5.736427313148243,5.0167899883270275,10.018711378873927
14.46702048250275,4.759661830053066,5.34368789975661,10.026259636228634
15.466416591003796,4.55999078753846,6.803809777327843,10.035132545724935
14.3932402681172,4.534594147792829,5.898016439614909,10.001080438639091
13.504549516934329,4.292471187853241,5.53927054915206,10.560350347756234
13.953970264755165,4.343141408084963,5.874167620570439,10.59035293185698
13.231708306349706,4.898518640629227,5.2895994012060665,10.027877974592919
15.24055402357719,4.527613874948841,5.718639851650338,10.000043160988069
13.95929017285749,4.5113556996060415,5.626710156432008,10.596917107031626
14.901706175978497,4.782715413568797,5.004724186814148,10.009623802025912
14.613460984069672,4.016059807223497,6.165809627382813,11.0005014572581
16.14052669165749,4.807185138992328,6.005293566972692,10.63127006229901
13.654027315195576,5.105842693238853,5.306042724939291,10.548315171064989
16.050576550796087,4.848423731652606,6.0753446032720895,10.548411709388736
14.105942353899167,4.954815693180266,5.001875398610089,10.474794791516512
13.410299413802704,5.247688934646978,5.234245923658822,10.022838787572526
15.28221497856621,3.8013734650101023,5.805615755394413,10.49016262708845
15.280434685459863,4.840083925537791,5.00005878842743,11.831379124754925
15.356921899789128,4.771358515314709,5.005961604593842,12.252434361686321
14.059883115838277,5.067852924919772,5.865840252321081,10.004533990458588
13.560454507731356,4.940145550921972,5.006717613545735,11.049818469572013
15.896973303938665,4.482459533518117,5.653733859473908,11.971123546634793
15.258919841982998,5.314904984093009,5.259356703681427,10.53998687100373
13.76924696843036,5.018178891878511,5.373090048447356,12.217016682657453
15.788358552382064,4.384144209681508,5.981576674985844,10.040500927898382
14.362143409345853,4.803492057527641,6.150668307651859,10.998247106570792
15.087765168174458,4.4031966863899346,5.445912129565428,12.149228310345345
14.796881481999137,4.496504764605454,5.896488082804748,10.573567760852445
15.636120516281746,4.678672859985479,5.7602712469123025,10.547343645571722
14.773284430302215,5.031301110396237,5.008341113967003,10.54458035565186
15.206605252979035,4.799937076402539,5.0060694006009365,11.142566666057018
14.29921132267137,5.310030542835579,5.262751899781198,10.003034722818402
14.839433440217627,4.896894787464653,5.322711020808537,11.490838871723845
15.030121643488927,4.267499361755019,5.003055859637078,12.006198444354622
15.614520764039092,4.5968826759425365,5.58225744049024,10.956786824422522
13.06994353502567,4.721440234106268,5.016935321781047,10.597647939911568
14.692178492073573,4.244409037890398,6.018107527975581,10.007015059095602
14.501867846503316,4.9746889265348155,5.483687533115907,10.001734037749
15.4789488292195,4.895734803111832,6.6770645984485295,10.01427628227134
15.084384613704028,5.188463428915842,5.52580485271409,11.462060707416724
15.849981310622848,4.495532496639949,6.431153711215097,11.32573742362785
14.262785652855856,4.925590789546482,5.031756569452439,10.00257575176011
14.059913152506468,5.639153793899462,5.325568240758626,10.554658666528297
13.78818585385799,4.801961149689477,7.092755497824635,10.565433833557897
15.478466960114,4.716628382815107,5.014343682983765,10.987915445324901
15.28723827719564,4.8950652521742795,5.008214483421217,12.468617053160383
15.625932272941013,4.737875144395381,5.505989036295247,11.416453695060088
13.543225407521504,4.97240981348592,5.98430784103909,10.038750081755722
12.800711506479992,5.3034754220376055,5.017434219928199,11.161356831703321
14.757300294280833,4.601622868039006,5.556701063905594,11.43636491637883
13.645349103476777,4.801234324534005,6.971271400437062,10.932424036661825
15.965056028603069,4.688149301666782,5.640611325693766,11.430847460148918
14.734266568274952,4.77336313243511,5.353204800661,10.496250804803172
13.549642859904171,5.7273257263419755,5.020222646730761,11.058201678663073
14.009236620210075,4.895207417969252,5.004021821570782,10.021837217931678
14.10834879926602,3.7021268640437217,5.834224474004493,10.015127540091575
14.937562831784392,4.38131994493819,5.000517945822757,10.954842092760622
14.978470955320615,5.122342939381009,5.284296192262308,11.02635363534423
14.163867489263268,4.426258765795685,5.488866752113095,10.011945338603573
14.02612047085995,5.3657115767063,6.3246011152828485,10.007628323542963
13.411278850330001,4.824371040379945,5.006465280446271,10.583959001099167
14.569165371743539,4.811022207978255,5.009874714004244,12.095813314009057
13.20484240399198,5.005350371556423,5.454963455429025,11.775521059817098
13.904146637864496,4.937490664676287,6.079185323509029,10.025581857087484
13.995936832092726,5.013718686824752,5.956780330690549,10.9541827540345
14.836857867107334,4.498519513657368,5.300305151197077,11.611967543605626
13.742475697912248,4.01706704932115,5.214296936717827,10.000038639988418
15.439118605789027,4.57348229521386,5.759848568378116,10.993898732241028
14.006950980025401,4.336888801140579,5.284216334382701,10.582210853752427
14.389262312032855,4.853046349252391,6.379126111226039,10.942622125338824
15.944115873477863,4.745654516759152,5.998031833359756,10.025310267280643
15.342341182724116,4.270931104072533,6.210155861018723,12.225711264556951
16.487487933206214,4.5002161408926025,5.995188393637667,10.01545372500558
14.935254030373992,4.741246549758615,5.022178018727181,11.44205853351
15.161073728350724,4.558373665624428,5.016053164594251,11.4558675395149
15.399012427300192,4.711503952675973,5.005695831577109,12.75662413844148
13.806904730558188,5.4175049675463365,5.597122157670231,10.954719366166714
14.788385619985029,3.8182040429119057,6.27929481389944,10.012579815570543
15.036624228365875,4.95248228066657,5.302558733405204,10.570181440082324
14.10376540163724,4.832755693745065,5.338768927606133,10.603211968772413
14.60756791144402,4.991443897084307,5.639391582618455,10.001746849113443
15.029516680689454,4.52187807094672,5.018713897957108,11.065393869595855
14.836545209309355,4.634373542724078,5.494216782772009,12.148479280757009
13.918061944602004,3.9676896684200305,5.009421997075051,10.007120214482931
15.449161503236242,4.59474513518761,6.35687262987656,10.601657288972058
15.856605100512242,5.078876695834113,5.021309336260238,11.034158890410982
14.277781639386012,4.49990781600529,5.300801538412898,10.00130634349608
13.733812781868089,5.156113351019324,5.515895594011475,11.912985260680127
14.334803154361904,5.300332178950979,5.008123451793498,10.015272129484845
14.872310860984008,4.65026497237845,5.001155314356669,13.03363412702187
13.982097174908679,5.840557996762069,5.029452867978811,11.13513084602842
15.562238884354363,4.705422643512708,6.2818995916538585,10.022494521343214
14.851841410400207,5.211332822613031,5.381675056507756,10.05193000446834
13.896417999905752,5.545883066092614,5.941794159569293,10.550100294299355
15.372528878215018,4.165427810476627,5.264168658783901,11.594931049848872
13.906416455162693,4.161188423304086,5.297060826053652,10.005482710898747
14.126105617682011,5.112400020067989,5.703157015806589,11.05452353385772
13.212889426574291,5.621525263792543,5.243772187835605,10.60832623870274
12.52843856340532,4.76479048813091,6.729751190907203,10.011555231177505
15.32865633839345,4.3225341707252225,6.17128328774075,11.780375480933628
14.580020649510077,5.312665335478823,5.840445122183754,10.83544234869336
14.360555524115494,3.7760611210760144,5.395284629922527,10.476606250117003
15.349073417003694,4.955698017136099,5.007308405131833,11.511274337917843
15.535954135757104,5.021915293962289,5.8957760194648765,10.577594982331538
14.985693129697754,4.462930537614548,5.007259126124669,12.6011916019316
15.50586294040421,4.468171266592854,5.5648007663735966,12.282201312552587
14.496551221251547,3.837043664640029,5.834296769492635,11.032758477252079
13.668874252757313,5.202991750134988,5.835942881508794,11.058775364908561
14.910308394818044,4.695572539555716,6.453678425814529,10.973713377937802
13.851043545897653,4.261359503873438,6.231254337015763,11.069296102107302
13.45129039859406,5.016423049593612,5.0090655811145055,10.601733595501113
14.260657819373339,4.682282098605704,5.903444979711112,11.524822623161002
14.985681689541465,5.439201975243521,5.40486115994739,10.010659404824166
14.25356915877305,4.1095535614014596,5.022973100086832,11.276002793840513
13.116641676411723,4.828820482896427,5.858800554137049,12.739230728911654
14.788280679085732,4.990544807609186,6.063592619490769,10.033225123873647
15.047340619756335,4.8521364122945885,5.708087161926715,10.634313077279286
14.164424159506574,4.900627853809955,5.641848876931674,10.901906440910542
12.619408429740938,4.633652717486477,10.441542786071363,10.00191602885435
15.646165240753207,3.703576002617181,7.101507666017567,10.775535218774232
12.914428122635682,5.487003972643618,6.150332410711198,10.023543778746339
14.945448916200036,4.194512615630682,6.0901848153705815,10.962157710543654
14.999944710397324,4.699649663898012,5.005688903328334,12.099888287981795
14.331207229067576,4.313113891971951,5.816836171687624,10.535903954401672
14.236137064240294,5.401409593839271,5.917966357444587,10.560834774224011
12.949232994508828,5.234873901688144,5.340388757689605,11.478668793595265
14.384765661233322,4.882820364977952,5.013991423250673,12.018507940709833
13.377255611742143,4.526112497386255,5.474324805387859,11.03798018732136
13.961850715822424,4.305534040069789,7.881979525694565,11.404913815338377
15.583499792097355,5.010002468306777,5.012909952944176,11.58559282226467
11.511261449666119,5.636072601024874,5.523171076562334,10.088712799022415
15.841333377879153,4.730804745042069,5.716558768697722,10.013322205560337
13.440620420447821,5.503046181987564,5.243359276230766,12.884602062791489
14.55769156368958,4.547539646214331,5.257741387715842,12.683456091395056
12.515112340689667,5.1360338576110145,8.025190971885749,10.024916557417086
13.309453960282987,4.4819460965729165,5.586788097887533,10.529731463008831
15.233705189137561,4.662581446041446,6.103574908367948,10.565723845627009
15.613007656186698,4.760549372596503,5.573300308313916,10.98414972877129
14.184313296243676,4.008210265148611,6.604364673904775,11.088524298544836
15.774529699718384,4.873477608452653,5.4833280296893445,10.999244928612073
12.700892610765644,4.429285165509095,5.861321458583891,10.004259675576495
15.723142752913684,4.157291486843988,6.021285502912301,11.458129933561079
14.093386291647468,4.73674203223442,6.820872627298386,10.030334662974044
15.267015031383087,3.774108116757387,5.963555206250469,10.002721507973497
12.652457301053571,4.7989976617635515,5.004152485559473,10.02435952453081
15.052743475171171,4.541291792589536,6.638139075269108,11.437913657961337
13.468595248092477,3.833277561311614,5.753875846073798,10.596573483805496
14.942262497184995,4.344336361306359,5.486285150728579,11.045352770349112
14.209910922003672,5.7564316219946,5.007566470370947,10.527310112486566
12.825880074264392,5.653940002222973,5.530113310994225,10.608566328558942
14.466247230904418,5.1726416888311615,5.584468092803725,11.758086902118912
13.036918726880751,5.293007605731486,6.8507028646381025,10.023773081933694
14.82780490684702,3.8005421268198165,5.96883733922224,11.166278304598457
14.094428295531166,4.285944296711202,5.474805355237931,11.3301354509814
13.797559124615276,3.739104288780903,6.813964487617246,10.570774160563454
15.891101465780938,4.910614975811697,5.289391158468932,11.45849438946612
14.56284963185297,4.638019488322252,6.2950317977874475,12.152159914043668
14.3388172039036,4.725763319539295,5.444585644368254,12.007136521968738
15.8013599341937,4.770226275290214,5.713956779780733,10.503967957937675
14.562463532502445,4.108530161323136,5.266518229605187,11.673825148159953
12.763797085873627,5.23890593608904,5.908844519987847,11.791880254112575
15.311189945343225,4.9072739975676045,5.261147861298813,12.118330751202947
15.270360605317158,5.164928574687829,5.3211072146007945,10.571239920570568
15.584207978863166,5.068084007831869,5.968314027539812,10.553427354286253
15.339696889412673,4.847336541749618,5.4631678835579285,11.448900114526317
14.007334533813356,5.040274621621354,6.607658675853039,10.02566337994911
14.781167884526965,5.5055627181462174,5.007890858734016,11.79020967068127
15.47419804483328,4.958164757423606,5.751182619637859,11.045249445957012
14.285471352222478,4.6364955143057776,5.758575521054846,11.894139838686366
16.029061315997733,4.683022994649051,5.285543523123322,10.573295675303724
13.677601617485784,4.7477439699106165,6.720151194315006,11.04292588940898
14.668307821096036,5.4483168423143935,5.0184064798556465,11.927805073436172
13.510723926688264,4.563151135724978,6.8292233314881265,11.04371410821108
14.802514130552856,4.658617430759863,6.062511266928347,11.679903383895185
14.35216209269998,4.8165067053797275,6.786030439104151,10.529660947249258
15.454154284762696,4.782349075286125,5.534306630374079,11.735462544063175
14.466156215395204,4.022478614408911,6.993843983679858,12.564105370556767
14.06891964215906,5.081001764898403,6.077163208266403,11.076574321620718
13.866789539915134,4.921537710082049,6.622133184155073,10.564402344797363
14.309990582067423,4.3043814587664535,6.198143233611352,11.9720985692935
13.400454048730456,5.296106494593909,6.047285995206917,11.459526186649587
14.705891659367413,5.390143739707158,6.003397624547882,10.012553225292121
15.769351138002891,4.7805352365083245,5.751698346801716,10.59431541652072
11.696273190660794,5.212141219111672,6.755731434038162,10.023364307989787
15.789059258119073,4.870313826971445,6.656741232922859,10.02880381244543
14.48993716566533,3.6242190778371546,5.377210391475349,12.558661278116926
14.655257863632237,5.382088467644071,5.242972407264481,11.26039554292338
13.17169551149189,4.962257375822314,6.082483615904503,10.59556502012213
12.496052835593305,5.908624000336111,5.286346213760443,10.52343470699938
12.050136494998988,5.886863419730092,5.805940560708726,12.07378476068929
14.902065432723965,4.853286240651735,6.639979036509784,11.338263680948291
15.750204036371183,4.401101495455642,5.227173789739847,12.336861300520521
14.878558376402921,3.462107465992749,5.672083012054222,11.802253045799526
15.392663747249804,5.025034815520623,5.935794298387951,10.587284037017136
13.61595670369427,5.217597133484137,5.000115937201572,13.046426992130574
14.167166503178311,4.731343208365937,5.562602456512273,13.326399807484297
15.424109969081035,4.999694817798763,6.314129464064387,10.033579845463631
14.155310075623062,4.245564339629299,5.021917984323905,12.578965866050838
14.209628482593407,4.35819551265401,7.248182079832055,11.680095237111237
14.821227251050413,4.660671787805415,5.9141480430830535,12.861554535907809
15.292818418623146,5.465090148206362,5.305879355388406,10.01385132971808
16.141087111786767,3.556755501637278,9.164712386231821,10.562812529305878
15.584114440815902,3.829017738782121,7.3816850980685125,11.72601620875151
15.094758271107994,5.238887401858205,5.006244344936227,11.575544656965771
13.370102198170688,4.389712213688196,6.131930773182558,12.297466246419729
14.204801568610613,5.106012143570943,7.086302229688583,10.472398434090936
13.28807753246858,4.4570954969218946,5.023392482760132,11.766562932258967
16.306941294365632,4.678312124588196,5.267603192169927,12.035258145023917
15.077323627341078,4.847856508063443,6.22702289296694,10.581654489133916
14.828803534187973,4.883164370097421,5.002600256297525,12.380190119514543
14.769209945371767,3.296103883772417,8.758238835702874,11.067138689470127
15.836466682039037,5.299958091689539,5.004574279657592,12.408666252852825
14.28817378347989,3.0630956752915863,8.95667894230058,10.003410530850685
13.748972131181876,3.8121574119700745,5.259409252759825,11.65306260626079
15.143645973870878,5.543971818049765,5.262774409206964,10.013082459645931
15.215260137064478,4.725173597761343,5.8560552971095845,11.0021701485007
14.704531632455186,4.880133821752194,6.574678223760639,10.562011419504934
14.395123509077694,4.849630126428989,5.606131176455941,12.514276429682795
12.206680891987011,4.997245752016229,5.601064255559348,11.077489989360847
14.706629603664924,5.020846918725073,5.857522016075675,12.030591958743406
13.696741586001053,4.949897230588583,5.817256458641494,12.70825680989088
15.011949782388337,4.476224734873364,5.006066514818722,12.712823381485853
13.660430520022965,3.7383840810593547,5.749423459069269,12.655406271891497
15.2169567514118,4.509473445659404,6.316009224819515,12.065269376184396
14.480900168487384,5.8951672738866385,5.577609028010126,10.523012951682897
15.000173713961482,4.6869647669251036,6.00502319220286,11.506717092421333
15.724456230878792,4.954768195829681,5.282886397868683,10.519567588470041
15.258876219109666,4.985914344246047,6.1587306426466855,11.036413564149086
16.111087935308912,5.149813343798794,5.811199970796377,10.009958251342395
15.371881305315576,4.583972944788823,5.922527794301899,12.3851966467493
14.15090238874154,4.932875478796402,6.029273782759657,12.063836292215212
13.098400628826887,5.663088455555378,5.0071417546990045,12.516262191262587
11.364499494973028,5.501845873368478,7.3246117536913955,11.532884849406637
14.62953372941332,4.912975732893758,5.829248038393489,12.7960888283776
16.04265947574703,5.105820882845062,5.869405653137854,10.58727899140266
12.175680653246442,6.535520178911772,5.248518862215989,10.018219957359856
12.938941745644982,4.631941674404883,5.995166928725897,12.215725803803043
15.924116256095713,4.748352432868992,5.8379297193940305,11.105202381147642
15.1525886371643,3.386745954994628,6.788473870633846,12.491670952936861
14.932558670548055,4.470411380905462,6.321503536750961,13.434683771708935
15.9097185709191,5.473246519184949,5.328565782076337,10.66436035678764
15.377582473339018,4.361351594347619,7.832545375877359,10.53850454288622
15.585843532640562,4.748493903087464,6.173067655327406,10.549000570032806
13.666732229180365,4.988626770502208,5.003255907010609,13.083401197232726
15.671868898552377,4.746174178028295,5.764334285498843,12.18258697547731
15.644084680357016,4.446270909191787,5.9860262191134606,11.53408689982854
16.021564360033054,4.643106929990079,5.464894857141952,12.112813207664365
13.501131616466512,4.6408481684711544,6.724845852814315,11.865110939582726
12.73724354977425,4.1619317492437835,5.007257885972463,10.99349294928086
15.286485081910735,4.975170886628394,6.219789416349081,10.548234326100117
13.88941608824558,4.882279552730434,7.039971718060127,12.348381116503685
15.52821609962501,4.654567000029827,6.213359606430347,12.060873785187134
14.572793236084658,4.366378035282732,8.847974669718372,10.536439729339016
13.68502668730803,6.001000677499714,5.815046136308812,10.594277131267768
14.722200376989587,4.964880849523373,5.595558601574437,13.135562332068563
14.683985129527422,4.748346396998771,5.680331651355286,12.540320495479136
14.153343507535277,5.15987718654393,5.070631438174009,14.490292602099284
16.204580112220015,4.6017075014436,5.803468950126057,12.602427495135819
14.151097742400719,3.892662917951902,5.693788002963041,13.165116130546444
15.108372400869778,4.591577118825461,5.0287799740974926,12.098434961887905
14.948921640230973,4.884921508407561,5.283698074481059,13.351220485739976
12.877604333807703,4.4116573209517265,5.988305018467208,12.712916995992398
15.600585174212734,4.86793698566995,6.001571975856809,11.948960487276066
14.42435980100355,5.71409909542747,5.700312087601398,10.001353018893859
14.188667441681366,5.630072521377681,5.300466511763073,11.928916436841725
14.260247361245348,3.357006236480033,8.813764534860615,12.44464457689536
15.800569917039898,5.166329423658336,5.863732566704005,10.008189147151471
13.54216949449202,5.560668534643762,6.481486178660015,10.046386718043017
14.15743133806609,5.48260880515857,7.327447495960795,10.027656836028793
13.84783064468315,3.9954607167698146,6.298961834506587,12.909521568951366
14.452558384969533,4.982473468726159,5.732868798444324,12.901249852498438
14.511340545330608,3.133157814870106,7.489827106862817,10.656843557063226
14.263873752707045,5.393232566265227,7.326972758626585,10.027245725926502
12.856151219367888,4.871522812475595,6.325499424835978,11.669407738961553
15.003590145254252,4.720904718797515,6.323871455049764,11.976835529197096
14.503588607611187,5.246737903942604,5.52917282424072,11.772510861524207
12.92319273983436,4.279534440759171,5.8609621951816955,12.336063851736073
14.752991745284012,4.917639257262599,6.899880081298184,11.439910359687778
14.874202997587789,5.287799340204148,6.03467794641099,10.93155942294166
16.174419183187606,4.992313163991481,5.957215085191239,11.59500543492721
13.653666351112133,5.660627277416969,6.290233961276609,11.009326941667977
15.01782544218577,3.4384173892898087,5.003572959319666,16.057737548543873
14.392908922039206,5.703895023277827,5.27208842030168,10.50354610936262
14.41855046437417,5.139530541004712,6.634806371136337,11.753573337690181
16.352556136616634,4.6791303925664325,5.241819076816102,11.792544618035484
15.468155671615332,4.571657670843502,6.270378178367019,11.583495094848578
16.646851284928786,5.0996274009373135,5.284074328112904,11.006325310713843
13.433999512845753,3.4940554646602804,6.166331269215468,11.525495253048714
14.094521018561421,4.888328911271185,6.303493793536518,12.761660444480688
16.0173280095425,4.633677079879867,6.093889565283745,11.52081806362305
11.63043278836048,5.14761097284425,5.6735637424344025,12.770864185156494
14.085754616105053,4.4914838865004745,7.3835754354508385,12.045110949578085
15.854543790526053,5.036902931079486,5.976959126172553,11.47332499297256
13.006796552320774,5.137482939674522,5.265623784793344,12.746969528201346
15.86366272181712,4.445551141717419,5.708679199601255,13.086767062237769
15.306155518038835,5.090769584224018,5.812687782939827,12.036919467080933
16.329614707779598,5.045717442227038,5.261694118711328,12.212261475930735
11.67276602323389,3.553853962930477,9.296975793472829,10.858967338057187
16.626525681460972,4.624433157434671,6.126059718721145,10.5405686935569
16.35805985407941,5.374933159918334,5.002281119420224,10.564915289071486
12.187456740042792,4.331417597481467,5.299059472876804,11.05184684692955
15.232409116346242,5.677118304110624,5.00513310284391,11.001552750548875
14.332162007941221,4.84358929487226,6.408615222139656,11.596962655253295
15.365146626040888,4.663766186576666,8.901881240908875,10.020371893209925
14.891933563683404,3.609516741245055,9.882270841464894,12.563420804107015
15.86606259341492,5.337501992828889,5.009629335506824,11.347923534095486
16.3743100679918,4.912263268093172,5.593292898270627,11.021663614986323
14.022818856387408,3.4349917876356533,10.829032503286118,12.234355529530674
14.376556912567775,5.3760831311261335,5.4398415921920735,12.404306026690316
15.704225880590487,5.114556839162587,5.2839619324701035,12.275353602690743
16.081484408943794,4.330167040852288,6.294804419402246,12.379143037831842
13.7901944828217,4.6370495199507875,9.096285589178336,10.59370994024624
12.600096871901224,6.375528479447734,5.244316894554229,12.915157933660801
16.650072580995637,4.7472442991089325,5.844982767538243,10.000147125561405
15.92273831167945,4.880116350502757,6.7220578845779455,11.089807472947886
16.44495095675143,4.63213166994576,6.663300295870322,11.082873690820149
14.605942328705774,4.9546521024367625,5.747757552621025,11.168960531647036
12.735984812386308,5.333168022406254,6.533348069002587,10.99357439999578
16.05246447848904,3.593961505244136,8.180152757469433,13.385905206296513
15.489175217462785,4.903194280741768,5.681431186401067,11.43416864709646
13.028161426950444,5.107818384699018,6.35313369383989,13.067088042517685
15.9215917599527,4.951291854208369,5.946522895228501,10.586454810153079
14.04364717545145,4.681057113343972,6.2171798087966135,13.791010707481052
16.512132777729626,4.6746576218026155,5.922278680036951,11.161003508718183
15.875694802551847,4.557756377088431,6.362257047065605,13.298953467980303
14.92324240972517,5.531036051710209,5.499646284632264,10.564464213024872
16.193400876076353,5.399137998066131,5.018802767743666,10.671529319188513
15.502044404184304,5.326566226958253,5.513319510957412,10.046544816062005
14.714813947325885,3.2703712662869124,7.730654119714253,14.004382489111837
15.9841022986069,4.808549366157825,5.937641262998375,10.555756713992853
16.277290520814855,5.169202846393079,5.827402968727398,11.557044873155725
13.771988615242162,5.748357132127785,5.830034808866343,11.500564349846204
16.414468596754077,4.581467467661257,6.258098956376911,11.779120373016433
11.501619228834878,3.813905642375162,6.4274336030994155,12.54549796023969
14.88040745414414,5.320114440376682,6.098282705978954,10.0027175223946
15.637515657468338,4.317345313303068,6.479125739203878,11.607387084422106
15.883962112062424,3.385421856334233,5.753519428671021,16.664734196052507
10.378817396929254,5.6172720021777875,8.411845701399768,12.326989351619366
15.730723406919632,5.38223165320144,5.592112898502354,11.081540687477313
15.990921224865943,4.2455426643210465,6.9248728332059395,12.139781893791643
10.003558033804655,4.714293161593737,7.796290612053358,12.312564935308325
17.007286652768897,4.742072990998188,5.8126284684305345,11.122108377784853
15.927846803430402,3.2528240495605507,9.156622990179704,12.8783869468472
10.009966395851741,5.18518825494699,5.599906020528656,10.520953779171831
13.335790246982967,2.6058103696182533,11.766806334696037,12.848819700749633
15.990914844147392,4.529064408047468,5.9643665713143355,13.569926843212247
15.874318628954486,5.181456522393118,6.173158825613992,11.850156085053186
16.697851555461135,4.145481603544458,7.6420950147297795,10.627363919816787
12.958196370360941,6.308745007063928,5.459509169317754,12.273847458420601
16.56816946350943,5.026746085187095,5.294021211903753,12.37192017495121
14.186902314487357,5.341578963183696,6.288833047873833,11.802313029174698
14.820109766948049,5.502075421226033,5.2748524095359075,11.730943784077496
11.662084134385553,4.502072971630143,8.134028516863857,15.582165744410835
11.247306579795508,4.81104423188396,6.336675118781512,15.49522585703599
16.102934490859283,4.904133178843413,5.2817058082011155,12.978595519005502
15.88490680983124,5.009039306380597,5.691437495486387,11.016713744403365
15.704929849279184,5.181964569409278,6.597863836301715,10.01213711375204
15.522477725396604,5.501919281307226,5.541280619430145,10.630163553205808
14.593069812823243,5.301852672376459,5.536217610982163,12.647670979797653
15.672112578832248,5.256582505185349,5.278644022434165,11.00776174524721
15.898020901342347,5.000994167330064,5.997657541378565,12.443143601357633
13.895938350504538,5.266460970356276,7.644983980646918,12.40821689413344
15.829157993281504,4.372923868016785,6.355660554749711,13.62602780432499
15.978842491542997,4.9613117832935405,7.51054786419537,10.466276871270502
12.663263078818584,6.134237743217191,5.683122750815939,12.341554822049988
14.420987192713037,3.582245048981355,16.123664029106322,10.439951937943064
11.827062966532072,5.404755421459174,6.217703976844665,15.355746575224451
16.010201750016076,5.233022813684477,5.25922501875654,12.116464093060053
15.96019950351655,5.304914613514673,5.667497332437477,11.435302059639746
13.1283702469604,5.202740905248028,7.697582907889661,11.947186517240716
16.306759968262,5.2736077190781305,5.481974523420124,11.820082861229734
14.798843873151217,5.276653259555496,6.434333768715845,12.09012849503779
11.056223175623572,6.231741233723561,7.874969839111081,11.241234242375395
16.572319194295012,5.1078710123488165,5.298337732113878,12.842396827888866
12.162943293359875,2.637713979820086,7.034788887600131,10.066038571376705
16.411810335563576,4.777098164431532,5.238029141764838,12.834440768637835
10.198323759779989,4.334652247857517,5.334924681758404,10.01777560398431
15.745770566603,5.691475530560494,5.306875222541904,11.511962142080977
15.18329074731644,5.314255162098348,5.215671142508322,12.774540427484505
15.576316464228666,5.520539953784351,5.532020145266332,12.14728276416557
16.414081413413683,5.240660053884806,5.799978190273249,10.542681902817122
10.665563823839493,3.841460045955902,5.912316199821519,13.509601626638142
15.402183165707266,5.026350239949109,5.306591799881318,14.623397084698134
15.286647808460275,4.167047383434323,11.894209613190508,10.022776892769445
15.295929394487798,5.518009730348815,5.734875477712017,12.236217807066755
16.612955219188354,4.63627299958562,5.657084001982232,13.235270225533469
12.852238199951985,5.922545738004493,5.596428244582848,12.667013251099696
16.4605415909944,4.816990277920398,6.54909412268562,10.766372964636615
15.95410415906135,5.059480072192577,5.870552438051976,10.95376913069185
16.309378636194396,5.179136039873022,5.727071700877225,10.51329907120353
14.591592948838606,4.7635416429158095,6.0548082294611065,16.811699187455467
14.353107044280344,4.426062821965886,6.204645757218024,19.074173583344027
14.564619319257432,5.701684267528856,6.2400099627565115,11.87369414803517
16.909818263718147,3.8981610853633355,7.034877685212724,14.19154315494998
11.93343923521244,6.281475498723605,5.793898896080928,13.384755869352958
15.489614304758794,5.12669202019883,6.357545830775649,12.499374710479676
13.691226641559298,4.926958047177058,11.014454074149493,10.760512435054633
14.96596315727115,5.055026405549168,10.36489358350963,10.029209659014667
10.48077418515891,5.345257054753127,8.66054124685523,14.001451287201217
16.674114375853208,4.902301313905489,5.713033206580813,11.77392173991183
15.374961006587181,4.880423174638149,5.715185171062258,14.74061269674296
15.874658980534363,5.645250333204601,5.3736826031148475,10.001136189909953
15.118428800125558,5.533598492469846,6.195478917443095,11.203146396821428
17.107970728429525,5.257963200684308,5.468470689825005,11.627348229514716
15.957848728825116,5.780418613488195,5.309949328649877,10.018992494167628
12.672624907339934,4.448080371164044,13.050396691769906,12.01227543343475
15.368247943754817,4.926650178278972,7.329832716521846,12.957441797403263
15.264455870148431,5.629030029926584,6.096523433886976,11.374175211802298
16.159000177712944,5.336703481845475,5.5029492305700956,11.82831941376384
15.72548916662883,4.542405229198963,6.653923142431778,13.1827933036104
14.046928179913674,4.5268319672938,6.820758609338486,17.362996167387482
15.61165011647155,4.71798857140724,5.247365343712019,17.521630621830475
12.506372658913707,6.707131856571656,5.422668873034257,12.678701082874497
13.904727569864603,4.198931448867059,15.425134003928791,10.02186096701771
16.483925354454964,3.8580029792658572,10.465532184549799,11.374195167926423
15.978772005112928,5.310119615636625,6.527401566429246,11.350164677088586
15.842429270383967,2.5853601472299226,9.690778116976361,18.366687800743264
15.355209813168662,5.507048020864643,6.767848921433502,10.000461583053019
15.312545879869608,5.766704017104717,5.54864985498941,13.034455824867786
17.31401808533969,5.153546318347069,6.0468946999060895,11.25919115316467
13.657478667418154,6.082293658356605,5.571154870230602,12.757172440290695
15.576323044226314,4.810477083997119,6.884102084871403,13.4144157488645
14.876742723193532,5.224839929688508,6.952487714489909,12.065070030847105
11.898081781712898,2.600499761102851,15.279010969883462,13.283718915902863
16.527985770609973,5.232530561142465,5.49108309635443,11.947106676932636
11.676894155624785,2.22249760064835,8.555991815710117,14.549613486647225
14.344602483290672,4.095298329621846,9.907695117484995,14.66284960938775
12.741715092876651,4.128366921300843,11.121715904245411,14.818633729497435
16.20320960321449,5.134084374171081,5.29134749885932,14.086245565598778
16.38087864900876,5.190120900159082,6.133946002212321,11.096969489836724
15.834974528514369,5.211846695690557,6.522207171848599,12.715682544961403
15.853274754035402,5.840615065534296,5.3011075817055575,10.020961095742646
16.190565726517484,5.067728847185204,5.94055347481082,11.725308975415613
11.637882882311759,6.847613471799166,5.930489169554624,13.362688805771176
15.432777266727195,5.68409564358017,5.971250405482233,11.038921754977952
16.115598255312342,5.2737319320541785,7.074762769093945,10.623932892684262
15.668039907005944,4.257436287483898,5.037033442158621,20.249029387446203
10.692260477831642,5.098661335696492,11.48998215548055,14.654017799514994
14.536427754680465,5.990366480712761,5.48322060562713,13.469849149622924
15.159576176202304,3.818753617302187,13.369931538510215,11.672360702289806
17.265197888070627,4.924152564149652,5.7627052632586695,11.334874078235755
11.480160464590258,6.616317406384856,7.0866026797216914,13.100197481733028
14.476014222411449,6.358862158512785,5.443345114051798,10.02594040461249
14.58464916832914,5.5571242908944,7.529942645904939,10.517497754068234
16.148433052568212,5.187279997733032,5.439557590423437,14.135819563212635
14.902779554624003,5.4159723352128974,6.340460163189613,11.99936458233108
16.766001388511658,3.2433698570451885,8.893600837338441,17.021511461990137
16.533113939631665,5.173172914094891,6.010004793608115,11.056455438951627
14.682916978127999,4.895815341313622,8.81771735705836,13.00878239304043
13.23269866600285,6.1006423106929,5.317606817238275,17.176114277854907
15.19082793864359,5.261704679139573,6.352854181161558,12.211526614618741
15.335522502117788,5.947637521170463,6.978281047694588,10.513665587215284
13.923694711567125,5.555314525568147,7.3223266795388815,12.510568631683029
16.626511460682526,5.26677824075843,6.917444376659339,10.562902849342992
14.229433654013523,5.076029823000717,6.363384637420199,17.36222113795945
15.411600028064637,5.624009387298437,6.384797889925813,12.536617802597231
15.817044283449672,5.256677188516712,7.302578022262034,13.100468502115946
14.79701056782843,5.067113957580496,8.637600028972788,12.033402751977894
13.292294319176175,3.092273805131124,5.8447243564228275,25.676986159271173
11.693847698987156,4.208923604677487,5.293716401725561,25.177438100484924
15.414524724653809,5.475442864124348,5.28264790603117,11.969982298069759
15.672244240072368,4.508231874174896,12.289659585032625,10.537071561331722
15.857564818426422,1.3289554845433522,10.309271614692275,22.43901366470891
17.011700152084014,4.74741742667964,5.9407707746674765,12.872301157415627
14.612956788344633,2.572822179627324,6.224987242918804,27.389341826025937
16.872719839267884,5.26142844998629,6.5910000850324195,11.34634484812287
16.82239877835693,5.187678051473248,6.367058585373058,11.927902662010801
13.164636498031966,4.3864598371166466,5.011386877247566,26.148327004992016
12.568364472287675,3.2600904093258674,8.64388292555763,20.4838716304119
17.140703355496285,3.562840760499289,6.382278516149289,18.694119651474082
15.428230930376277,4.69489363804809,5.278317900589913,20.360265036007995
14.503645532609957,4.245991157011394,14.385924803122023,11.478097300548392
15.632945628935936,5.491777960277199,6.650275906095243,11.564069421032732
13.762105586009351,4.0151425765265625,8.815650909861391,19.966403703041053
12.271803771802968,4.139923053931993,7.6156010581950895,21.340771594282522
16.284718938650627,5.402385915626518,5.754725738774686,12.3310031733715
14.797527995582861,5.671553095972685,6.362389631656106,13.812282614692268
16.414599692040195,5.130875362969322,8.883248564044475,10.010200443549323
12.383172385602139,1.6606244251503735,9.156178703245963,21.145926450259655
17.372531182058605,5.116043948422352,5.856381020794759,12.131087861474363
14.664392671245627,6.343325999502386,6.323367160707076,10.036921981198676
13.639654015502419,4.9600399665423005,5.029046715514297,22.362678716040428
14.605317897967208,3.8223148680279255,5.857914478018583,25.515878030266055
15.019965536467412,4.8484571342240566,11.50878681166009,10.614679324782761
15.168811106531157,4.819503777692443,10.775255623162382,11.061394437122878
16.984884083609384,4.042836968150992,10.217549351422216,12.92867316191016
15.340438195245879,5.768285988117333,5.526437842910991,13.373851193610792
15.36727937954229,4.250749425780688,8.059765135193567,16.070695806419902
16.829648488407486,5.022703710448927,7.693625317496109,11.387306472739239
16.019510604003113,5.345400665397582,6.005235098961683,11.507321902270702
14.966273553714412,4.64832558629903,5.2986447302379975,21.315268089595723
17.043061045660124,5.010267711970546,5.445942798739003,12.839534779831421
13.181921794904012,6.174783645563828,5.926249786620513,13.660855396481441
12.17479248883237,5.338008785961023,5.821344192694568,22.084497631186956
16.48831542205103,4.97111140940563,8.241766238913852,10.65203243415209
15.511963708969244,4.733459058902868,7.183698382851936,16.044510572917282
14.12703814927793,6.0019773381729,6.087541822927492,11.316257497392266
15.367229740708693,4.895594618871952,12.711399225696345,10.000263243264335
14.152550583146548,5.052390311373441,5.018472162228423,24.27821427999558
16.508315866730015,5.752366370593181,5.02462901995479,12.146507282167677
16.136285959924045,5.457357848903278,5.295776288335111,13.68055911187187
14.816264561448898,3.9780702145510025,5.283969421520861,25.393030091407333
13.343550276331019,4.698256335231394,5.003717257900415,27.54898451722247
14.852901322041006,3.334441498424005,5.768662463035086,26.46549539771257
16.07071456312687,6.145882079217884,5.288351012937616,11.873031841515868
14.370384828795252,4.1974433011348475,19.97505009382776,11.011554885390133
16.397647916834764,5.523181398437139,5.240677519962858,13.386798278858665
11.247873517818137,4.304248613000304,18.181496832253973,13.566100410322775
14.994004642841192,6.121249637886163,6.075798657492994,10.510772836682248
14.270575111929135,4.92889521696148,14.728506593962978,10.008865383522412
12.112327786458007,5.253010801888842,5.04043753194836,26.693833747059593
15.742001811069876,5.760413559667299,6.285790612483127,10.76323371509434
15.365848375352913,4.244376706468226,6.251618083096297,21.413341424366045
17.694020378546572,5.554145689506007,5.9503099563832755,10.034986746315727
16.15491508652371,5.264836083319336,6.192280813620282,14.574340437106114
16.674950630300515,4.353166914513611,9.099620934338233,13.350837122376968
11.515565146888212,3.9206417833672735,7.94078161260935,25.139325224615458
14.44622544683322,4.399956846955399,17.850322131705965,11.68776347676867
16.72352441663382,5.523279871528517,5.568641091171352,12.67881765755772
15.521148070063967,5.006317907429463,12.627122840820729,10.472406554049535
13.855558143033827,4.253159333783978,5.302236785709991,31.841289668071244
16.777948142168004,3.7597870660031427,5.011229269729215,29.697328972294283
15.867461241401582,6.185787615163526,5.575949220541461,10.521663788037804
14.121118009953554,6.472737707697572,6.71628661389211,11.450153461311405
13.850440405402939,4.718804847493693,17.033471894335804,11.020171514600289
14.747495228122048,4.760659567496561,14.427363509135478,10.978882466297836
14.676741789800243,5.044404880434896,5.033696236212192,22.75864320879638
17.39671999797342,5.5482602093128754,5.011857883691179,12.990681933250864
13.656005563508602,6.717933864744071,6.408278004790105,10.039331846951054
16.378680130475107,3.3989603876002517,15.006046925939692,13.080495009947757
13.754507889684133,3.9567790245992445,6.496761103391908,28.68056711808906
11.415298331520527,5.656381440992176,6.1504893976910475,24.516668486196053
13.766457437738742,4.880665226927962,13.431535996945438,12.385552925171334
14.166489728874804,6.174638704232308,7.5692337498311995,10.019487026313818
12.760699856653646,3.5733855834491024,5.683928263788428,32.23723821508655
15.689363338828933,5.088775043226375,6.006244977930587,17.864831141217714
16.549304190066245,5.524649446535711,5.159602281473233,11.542173645188448
16.110030666878846,3.655473380637466,19.864246055897617,11.056363377986584
14.174598542572241,5.242783815256957,6.389251372729256,18.866446991016357
16.717593777316406,5.6367039618645,5.273217043878396,12.832701567112249
16.41469185956058,4.568928286167796,13.722074299071213,10.000333682869341
14.031418881356547,3.9247812994561997,7.7379318752906645,29.044967735087496
14.404764825295393,4.6595037289677546,16.13456732305685,10.56486620672028
17.4552031096395,4.167980195343909,5.027213873484654,23.59979869138319
16.818221836597015,5.588714302202822,5.971818575703104,12.153755853611516
16.324260833890907,4.756363942095696,5.291110843870614,20.623287993928507
14.763295166838878,4.731226358415656,14.997076951575353,11.325180702140695
15.286169198637815,5.018747182682682,11.145343077801819,11.441904099745912
17.305136001733544,3.858761567687189,6.154426046089597,23.566779109589984
11.359363443638127,3.263657475030408,6.6803686749165285,30.523356027548886
19.196454126520194,2.295110376149968,5.292169941474872,35.480178902227195
14.25466145400061,4.868656018799814,5.0191367530925906,30.265199544868548
14.233048269703561,5.682672295384565,10.742357291944534,12.443598645448878
18.371824343012374,4.588077751109526,5.70756834092385,15.475876644720357
15.650538474438436,4.920429819406337,5.433248029534779,21.64259134924395
15.076292824852379,4.532274781155194,5.252586896067387,26.797873525324366
13.53715999346888,6.965162372659033,6.390017301653678,10.537520758477894
16.682314916358806,5.1257521104898505,5.680016183470249,17.453194731981192
16.826838629091178,5.448213072621959,6.469234779081116,12.613660062434073
16.304838155930973,5.1223525078529955,9.501648958398945,11.31739119955935
16.54891828159687,5.766479686748816,6.852136164695451,10.765009256682804
14.06126013297758,4.461147024131336,13.492521831377378,14.901910441430518
15.539031995057313,5.50620474899517,6.216611441128933,13.055084703917741
15.369244481342944,5.318013089792761,14.45270959861251,10.00794743222305
14.849729923006718,5.091604430410022,5.003591380503368,26.6440632879323
16.698956177635644,5.522194015316797,6.03183355192572,11.25333866494767
16.604301572059875,5.755852271511036,6.41567838998624,10.532026666591582
13.701799036278226,5.678245383509781,11.870360483874205,11.90051420321896
11.493980392294601,2.794460219999687,17.01392572719469,20.383601619387164
15.017217409625854,5.901556966056804,9.00581361221144,11.671888692465195
16.606757704085503,5.871404454267557,6.133766718172295,11.060500332279
14.285239075006759,5.257698895237461,14.95439820506271,11.895112233941012
11.544575533310486,5.577924251478124,5.902414629935546,27.447910955943506
15.447533985411043,4.534573773404108,14.635878008265225,12.276174340224129
16.11387573967029,4.126354891438499,16.453851956250983,12.083490553309645
14.320094654861467,4.661577823555378,12.58465395189943,13.715657982166787
17.116594444403045,4.22256163598053,5.6803437260695455,19.859643734899663
15.654987022162883,4.459519556707024,5.871667620927935,23.87780516194142
14.807630652377451,5.011313276431162,6.5167716247352345,24.092864896411495
15.434565237020802,3.709700378559317,6.506679118977156,30.871552829855794
10.958106744059974,5.204958321115801,18.222880603878483,11.913499901823958
15.175938627645872,3.9373541914408214,5.321269981265599,39.49656262812093
12.587692867093391,6.243377549297987,13.511178816063918,10.000462563607636
16.770232008526115,5.816431492016022,6.409929802948103,10.897787523330138
14.366107235370315,4.9056662094842265,6.231763231169822,27.866309701888433
16.82947257981863,4.237866876824724,7.209913627694706,18.151915044337002
16.633879173693217,3.62571212025068,7.312041608467879,28.324839842175535
13.432302067033651,5.503562891194521,10.71594400920026,14.34902331455057
16.29797858672842,1.4193354193326422,18.683551270398212,22.792788352569033
14.568858062956767,5.372526881398562,5.578731389159658,21.099771348485902
16.00504432948277,4.730796106138995,8.60834183263278,14.703203101207038
15.081939672288968,3.78230618178258,6.067367366712509,38.195372471266495
10.889795290540816,7.164390418799472,8.031153370226711,15.015578662928505
14.209908664717618,4.475063408024763,5.265318967571691,38.962564764104826
15.547662288050903,4.279669680661669,14.692303856594311,13.4792909135822
14.83092014245609,4.784414986558866,5.016761329416165,29.46319871822982
15.347353685294566,5.4767535236171145,11.11808734929252,10.606075155343195
15.304237294843258,4.383260953142415,5.020126274330827,30.046290344438184
14.172332217843108,5.4599940477654005,15.629719374875123,11.052094359397087
14.74349312761617,5.2703234946016035,9.480959549698783,13.702100037175889
16.280280713965603,4.410377992432136,13.47386827415829,12.24879055844654
13.44368882942616,5.8000875017442635,5.151213436124427,24.0324939463574
14.52804099912354,5.437620130866101,6.900209206859349,18.348257973138434
16.342243743656894,4.571919556512084,5.328581428135425,26.109922855703047
15.792163070450595,5.241022824793541,5.959128131684034,19.202968417351304
17.189086602059064,4.812271734201221,5.466143604609244,20.80557283855478
17.26992189387463,4.862211722277958,5.935424280410066,19.37897080313008
13.768314287188606,4.841469704515025,5.974874355989351,33.779571390048524
15.219369897281542,4.693242356275009,14.990099268420703,12.649666410533483
15.847533874311717,4.2949656568692935,17.708156300558482,11.079232616690014
17.03127803423554,5.167907070652657,6.629311877996909,14.694558707358668
14.139123082696011,4.894973342061063,18.723806091085883,10.561200351270529
17.518021505421757,2.7558863607249395,17.089145070411256,22.753474903138574
16.471832620915503,4.914722773387674,6.722101495328523,16.778531642942898
17.400149139175493,3.3727276179395766,6.025726245287971,31.124273143583572
15.9320329628717,5.883373790438109,7.008010873947281,10.013213235165823
15.878806764820775,5.047485676866998,5.005995937568103,22.14626832386883
13.18267145382473,6.030294479077614,6.894197334997692,19.155358919004485
17.073059801970512,3.400085924402217,5.755491188396983,37.25117802550941
15.57992562466997,4.783342424139145,5.004126341380762,35.38116980397058
13.075840425761747,6.723733263160209,7.0832027834465965,13.439443114974694
17.398105269355334,5.0953014493382724,5.000230704058542,20.129771137768152
16.16452406774393,3.802217927617834,5.741645894321834,39.91906409722901
14.037924254213022,4.90859631198295,5.587985261964867,37.06700602965597
15.249469128422552,3.2565934305197954,6.782296822076402,39.837342170036045
13.99874888232488,5.291923024407724,10.89258867789166,17.360236787260533
15.30766188494269,4.405827784035735,5.899420810523483,34.49168033765704
16.46753895408568,3.636732920527269,6.72698955781051,37.47642083141441
11.80334156644717,6.107160879437339,19.41259084705215,10.04190319359867
15.251708573627567,4.952679520861509,15.974128281833297,10.921915587559958
14.478426396828585,5.166389580372547,6.891045091367312,27.99370372303426
16.64012355435747,4.712506556659178,5.0198057669177105,26.704693371617502
16.630056013095484,4.613348035297378,12.15974941650136,12.028252551889247
15.795155930111248,4.795548398242021,18.254365719790687,10.563767846027027
17.164092833582604,4.801426883093619,9.831353256703249,12.045777512414194
18.025026342551385,5.149274376495653,7.372758431946696,11.811758840552978
24.231629851219942,1.5673653920341546,12.283846335800689,35.04002139722106
17.203616882311792,5.787402361910247,7.042513769875107,10.568133933999714
17.539611259174084,5.383709448310625,6.609427586086628,12.672373040003764
17.426130269875905,3.6897470125177874,7.530565537215189,31.708416638488004
15.996083944814153,6.528866661832387,5.734092569624917,11.294401247095118
14.490695019512764,5.2080804308087005,10.276693077187138,17.08328139460667
16.284386705417457,4.251697734734383,7.012299420348063,29.454459841480464
16.950081800654146,5.296014936377133,8.277848450250746,10.018825796604768
16.1677514190942,4.550780202886775,6.0311683317838005,36.70589603999429
15.78251612685831,4.5265521586708015,5.391662841717464,34.050515996894084
16.52746299703843,4.536309941244086,5.885227320374073,27.8501157529536
15.702580746489211,4.8555189886953425,5.918529937298873,30.23081497378838
14.798539381049885,5.1050061765987556,6.044513386219676,27.33353279185274
14.720475264464332,5.316985882943916,16.064479600004834,10.009214645976432
10.017974590172823,6.8769000657607275,11.818058861962966,15.607065159695743
16.024320969497523,5.528354660207079,5.008569894537189,23.160701995248488
16.81798674240316,4.374945508521737,5.608580870259535,30.38741606639809
16.209665855296507,4.915913238986957,6.070894848796158,28.91383868872252
15.46303798267917,5.0020658840071235,14.299772887018335,12.540452808805009
14.880824266649714,5.263550053863251,5.6921343911644255,32.402703136718
15.829927638855363,4.528322882209572,18.098959568125842,13.698557261971308
15.566614973503647,4.552822923520985,6.199809039197136,28.057833415479372
23.573721282301527,2.2775991351772986,12.20036263065105,32.10663970983018
16.224467431620198,4.706866164569851,5.25980599767191,39.977651813656045
17.57874223032826,4.807217072557562,8.857685914675962,13.503471818635498
13.361503712376843,5.681077040211611,17.241487118601732,10.997066296295577
16.433503749621494,5.261657980635301,5.48819757210484,25.454519328489713
13.490468694423162,4.576104068554884,14.033822995645371,23.088321819486616
16.201701560206406,5.176465969628135,5.2019066119990995,23.178844724129743
16.287016259721366,4.584964245372534,6.982684358845471,22.992070636948846
18.316324860244446,5.505518536779597,6.469311590657851,11.234761604324676
15.42156848720568,4.467254080326464,17.48791200802102,13.078023601073996
15.466842443967717,6.306060858187797,6.191157691336311,11.409654161512021
17.67269218083672,5.122535477004203,5.626022888914514,20.09654053152358
15.611841350257778,4.7801465468179885,17.80754342155762,14.158388596472598
12.126997321006188,6.622752841257419,12.858190027618722,10.000391927931194
12.84546008154257,6.037402740613681,6.58463811550827,23.5512846499115
15.98145088763705,4.837715078585446,6.586074282730144,26.44693405573652
15.71092366384737,6.380365226466308,6.718477864563141,11.5939529441196
15.818911416897468,5.65044982716463,13.224791470623622,10.552153028903158
18.160371539871324,4.685739380731198,5.238464220991225,22.916314061587318
13.290105459472509,5.556784644344045,12.94062169252281,17.946838765714666
16.301017846190547,5.901191063924939,8.832333833820126,11.993884878586583
13.955532765279397,5.115273854455748,6.65545958638476,38.010927404656684
13.51541935968061,5.69862656619615,6.386576499169406,31.323642245794993
15.196675277683095,5.864037177727995,5.001584250240735,25.165057027960568
15.030124821952361,4.610704145822603,7.246347646280718,36.25570670135969
17.3208891280863,4.127012431790751,5.2758983388160665,35.816832991220174
18.201615034373106,3.90706215986836,6.215225519415963,37.94107117670009
17.294562820508176,4.205982899907902,6.181180783859803,33.3827692838771
16.586623545284482,5.196728076254457,11.29533991612092,11.96689064280815
16.276263534825063,5.087260127742614,19.43727657068893,10.024327912444722
14.374097668842868,5.087792104640817,16.3823034193704,14.197958503536235
15.009956445278464,4.748104921175565,8.162417789909323,32.51318883212162
15.302794524439488,4.733533368842925,8.583846885215102,20.756058699549442
17.80631902799798,4.988052462722312,5.75718706310031,17.721196460840652
16.52612024067249,5.027422964497075,5.513948552328676,35.48081202793901
16.038426201092914,4.835394580045157,6.062356022181522,32.64654926755037
14.696344515484949,5.4976257200981165,5.982621763319142,28.77582203263155
16.0453536435324,6.05135934949312,6.366631792052338,15.919791634782188
17.726359763930642,5.656273366089887,5.659696896028748,16.37665522008784
13.750224839233393,5.828449494878156,5.293785985118374,31.313198723183664
11.300824399250137,6.286171730134932,17.320894950673967,14.309202321325374
10.03446577726525,7.001122220057022,7.852793715015752,24.773142937624662
16.299251488863945,4.8611208482381505,6.973963654411718,29.097207106058697
15.994535195158583,4.823454882085391,6.736889877219744,38.16646745467325
17.237062572021923,4.798981811874671,5.70499389476825,26.121854395736154
16.181737570019276,4.124128885135753,12.432936482669035,21.67193333086678
16.74665540447289,5.990098457244569,6.662001427352376,14.075731002755852
13.894306236272136,4.14254992586781,19.874714335730737,20.86857898417287
15.656255394260308,5.429290519753207,5.223488960154831,26.647161023518926
15.091830357886433,6.276209426691071,9.394318496050449,10.95402978965194
15.21754305261543,5.555638035140106,5.6618685672623075,28.287713014156402
14.848486020326801,4.9892819668930475,10.943883392449852,21.068998867630846
14.915781306463455,5.591006199772321,17.929423708636406,10.963104516712102
13.928215106244782,6.585592716342349,13.210274647262397,10.19621564940983
15.59941615680445,4.958626659090334,6.629728088163317,28.773533942919588
14.96414453238271,5.539569486998744,19.66909583087266,11.01024264757428
12.791553996821118,7.8207162527777045,5.39694544051026,15.63714725475788
13.512319835953,7.746649044884455,6.832603416222944,10.748158024091566
21.671252449630213,2.6527261360184347,12.560893596809233,36.57631252607945
15.311915016728815,5.482005714104915,5.014982862006279,35.85129904152382
17.343403358134765,5.774332686585374,6.018130735758687,13.59373561581486
16.343167620856192,5.999165258747716,6.882235412513264,14.451563847132965
18.61613098094809,3.3113130251395866,17.638929149007705,19.150127480321284
23.96315691856213,2.702183357965986,12.289311833160387,31.854363452970198
16.56405941982716,4.963852793013966,9.938724675286469,20.8123063046287
18.501591951971427,4.559715528448084,5.034695433404676,28.354485347909012
17.513694053627308,4.77068164450634,19.227550798682152,11.00909099813343
11.464387975069917,4.264090141589142,18.616710903264956,20.12482887823702
18.71497540678652,5.154844948379751,15.17477100314244,11.795342741456421
15.969358603225,5.363425160553786,5.627622590674399,37.986142389549634
13.608457150594303,5.983323307212008,5.670697245723918,37.37264940762015
17.778470814787095,6.056935552152701,5.88021228268866,13.000638871500026
12.058475334717768,4.773682902514812,6.090522924525201,39.22844324641228
15.853717553176521,4.9996507445880125,5.9133883567540195,37.75265361293979
16.707594413854633,5.607066946243708,5.736955888362101,21.98784802806048
18.951594875848752,4.3994969747749035,6.711428266712608,34.92994072455992
15.497534738171893,5.6245194600857635,13.890865082402106,12.517258585395206
15.33178364928677,5.519231585182993,19.407401061431425,12.01866024622481
17.026831447044685,6.452454223000218,6.679921844891047,10.002773206397903
14.834956627121773,7.1679692767757555,5.030029022229023,17.24799985532483
16.719378963087024,3.656559720071905,15.91896444310959,28.27761337960928
12.290577789923754,6.705507088317652,15.010535422923667,13.773765431517916
15.239708044345123,7.467275543694327,5.001903354224167,11.94219022503712
15.21735748994447,5.087127523041851,11.053976897232658,26.07835070228404
15.501348367041986,4.582753819260913,19.186520446226808,20.11885589235761
16.158388556113934,5.605621946123781,13.055166950025267,12.280621028270769
14.39092640465383,8.245257059160778,5.538865777118485,10.000833515622464
10.48316399715272,8.554083945675472,8.654540784151418,10.382319808883505
12.81549036563834,7.5573742022385675,8.375406295216825,12.534408178388368
15.011258147716024,5.279428616623906,11.788722645030187,24.965234801155088
16.225518259577424,5.443055283623631,8.729853008710107,14.56034231826139
16.170670579337166,5.577823699402384,6.442153056281057,23.887000530103254
16.925679761244776,5.113843185641082,7.841198507838718,36.712866851697896
18.69092725752393,4.754262239057411,18.97711668313306,10.568220490635186
16.46622066216654,6.506472325873842,6.404352733972272,15.388043198609903
19.678193808169446,4.699663740113138,7.377778714223512,19.97762027134989
12.272730694705151,7.173602735804966,10.08280527328819,14.61268425283039
21.180386255446066,2.943646751887683,17.22762950015769,26.29757444069447
13.678612778335856,7.326640325917783,5.418195574237198,19.18136399531393
15.238882858990287,4.173298934855895,19.96492703482574,23.30645916571702
26.11942829295064,2.360839425748658,17.41962536706378,26.921235503955447
17.167841661902052,4.976090437471202,7.094055724798007,35.86142408236895
20.003273902465434,4.32385280511633,14.05626520269802,13.008656367491673
17.565790169281502,5.95511562505508,6.6014752081582735,15.274462806988717
12.047841862963127,4.122477270673044,13.835951107821673,25.65825974381029
15.802118520156457,5.523310419686829,7.434904682155056,33.46416026350065
12.5498863704224,8.396203114651046,5.8887949214291275,11.034273856653426
16.14924278762947,5.881351123500749,11.406829387474163,11.240238776640357
16.670427207229267,5.420730563961268,16.403158570223674,12.642870021133277
16.53217186494467,4.780969715129708,11.662835414574467,30.797892754168636
13.600924026019783,8.71635897202195,5.005981594349223,13.138497901149476
15.251562821600746,5.437180975188395,15.272651779296982,15.840207516763911
15.162998366280346,5.478829353854868,11.137721763593799,27.523354505803958
14.075366438643638,5.851406350211013,15.100038564346715,21.85339224304441
15.558433028101211,6.909963972678842,7.287984326345175,13.368917334709488
10.392365946069175,8.253637875430924,12.411271314586516,10.57126984202122
15.704582660396326,6.020924596556828,9.951616733730939,17.231843252929558
17.93168443187139,4.847995833539952,6.514669442856782,31.919292730609087
14.348064626322046,5.837909735663105,17.735855251920142,15.976272990708555
13.630959786054667,5.414115635523849,19.661661378732575,21.04548677958885
16.11130622027541,5.735006038524389,17.273527313057365,11.753005339784803
11.942104150742246,8.76401560658537,7.2524701900406185,11.383561199480603
13.517193692205705,6.936085433362407,18.58924946037827,10.072239793525515
25.145224266014775,2.7613065327933017,13.011194078195569,31.444575365652774
13.131990543534343,5.094420806422233,7.945528846787648,35.791931814612056
18.920626378480087,5.277553240052121,5.57856196922244,27.768807506345944
16.248655658874917,6.156862794759406,7.834619166848369,17.681349333429836
17.129569176680704,6.176388865368017,8.070787317708664,13.580749227190136
18.056172417990293,5.38716006571524,10.450950920741436,16.508290919205752
15.967976655365018,5.809920776205969,14.16501441374199,18.684828859609787
13.147359838502323,5.773587052386132,19.202663730688478,20.709843061449334
12.871922164347115,4.722063167003743,7.4733208123390975,37.24687947877251
14.086270012104674,6.077616779714279,7.866551050949533,32.62077228296578
21.11696916280552,3.1618141584767065,17.0818240498307,30.811867422390556
28.51195093780003,2.667141908282099,16.851923646533436,26.840926481905605
20.53679029607511,3.3243405010257847,11.658679575406804,38.45373867096084
15.863881232226243,5.725777534050787,17.250565313018484,12.909104078499533
11.768031719182716,6.8151559273881075,5.9297766518972415,35.76992490981637
16.65868696449504,7.382985495040186,5.797819067148549,12.275986577802733
14.660367260646622,3.187464038347812,10.474517253398432,36.94352866594963
17.626524360409576,6.249371338935497,7.976098809245183,13.892667228915645
17.207231856333678,6.6634432876667535,7.6981080680846725,12.669584204946478
14.047875554222262,8.446121160051803,5.438187217187388,12.214140899480013
15.359040146798636,7.343770697715577,5.9865629995548595,15.573826662909426
12.786555393747141,7.507300862272487,19.996522293117795,12.94205285266817
15.6624148517611,6.509096129200908,19.16757453972184,10.008855309689745
14.059554187747565,5.533501121785159,19.245471978458955,21.607520085279372
19.48340276371835,5.184874809338311,7.495408489714558,24.239798088635077
19.658636436111266,5.5350695749115975,7.269033096772019,26.93310001442326
13.751127441447144,6.545977257155722,16.12578395479361,14.816017625389101
15.262931788471727,5.422793388836489,19.341303352716942,21.409497640213452
21.23787406373747,4.818357432018148,7.560953842901323,24.39483782780308
13.173747599498151,7.829018457533881,12.432325137976607,13.104656289204183
19.190646994724,4.961241862435115,6.761723986457301,31.240600594131383
12.463296705235297,5.186576831677564,18.9474854424751,22.74373978646451
22.44917147675868,4.649553566030553,15.698464369642167,15.467391650882552
18.31225623570196,6.68572346890093,7.309345808651036,10.526798328826645
16.142522117355956,6.44837197749048,8.823069138441136,31.510279112874546
13.06222016841877,6.0137704285266,15.654991201455195,25.985105331972314
22.48425766682862,4.666393223098247,10.324693648662853,29.12239897093578
22.45847269252704,4.567248696932896,13.755225788286989,27.65768035075848
15.691811032662033,7.43317452220536,7.084571813444338,28.80442524862273
17.178412914199875,6.7787311386252656,18.68602243346514,10.625704394246696
15.796138097846775,8.160401699904615,5.623680850515724,11.432931018942906
10.674749288404275,5.38521768245535,7.595789614427446,33.878154137685165
14.32128898480955,8.436096085926126,5.4681058547003545,25.60082720724275
16.05240243202764,7.778988434982201,5.9339779133841635,16.59294815167018
28.855532133210243,3.0742630813944456,10.576581992449679,37.42588864237045
10.869474801540258,4.802202785750744,17.980188246105104,22.345637096474665
16.35811249199619,7.863943427787139,6.579709412692967,10.005030486460214
13.88226873526925,8.96616906682439,6.170422486097886,13.03157944522056
11.875018786339213,8.707638258422167,9.532204725641995,16.911318878414292
20.7549298890613,5.600428993194626,8.939086689759002,33.65569100434808
12.446997132986782,8.447875552586387,9.344949535446554,24.234853655353017
10.978923963749404,2.0650974254591055,16.620219147269598,30.183810587093994
13.663435596048132,6.473896869637581,6.885925854699075,36.77136489376421
14.88911112730042,4.058573908788369,12.031064401951365,34.554685219913964
15.870977336990352,8.032262170037137,6.986281401448872,10.006508146068633
19.93410646858264,6.075899994300355,5.487890948348344,34.60280962141777
15.39849002485078,6.579749993332344,19.013996698177447,21.236956705200242
15.029524111652401,8.848107613104474,5.3179156623950306,10.559195647667494
14.066919641156893,8.633597562484812,5.943557276881725,24.526329168622233
11.735194110195108,9.289863416930208,11.83483182971614,11.312897806865319
18.876870394105822,5.982365419773133,10.748224989985504,11.74010252430344
12.89003845647229,8.202342239541315,13.022617064032927,14.471072041437402
26.206665395935513,4.487972687608223,16.14781177688123,32.817751640493825
26.63650653568768,4.844830295673982,7.0397093211453,39.34137343267553
13.76539423638042,9.373476047604006,6.273534197965118,13.23310331497248
13.683745346065347,9.898343656997673,8.470924926789502,25.408597565485387
12.82341308856995,3.4386434009092337,15.176148092161544,31.007914202852398
19.854672391993827,4.998511036138851,11.427314069467455,37.68634786626214
22.588521953716793,4.689160976248357,10.243480799993735,29.045841367921803
20.658849576431138,5.981783669616261,6.562564336794893,25.25668213876093
10.385949464440396,7.266508262306564,7.729042852523214,33.13286316652167
15.734800741729723,9.67890942789867,5.779884307981247,10.516257546644068
18.67155774053206,6.397060813901239,8.430642662266656,15.720959205983512
13.451364561251115,8.945024557971779,10.661655498167079,18.733153996387006
11.720247203819843,4.313339422731097,19.88238068588431,25.558394850442813
11.694339310523578,4.534265645638207,14.71491994097175,28.207753844596265
16.120955973384802,8.359184567057161,8.029564478186458,32.5420781399612
24.127217107604004,4.48374264479162,7.172577098987553,30.650441009199795
10.460619049748853,2.1431955413133474,16.72627706486697,29.600583777803863
18.00558243402811,3.6878564660330664,18.210329848437013,30.23341729881023
23.760007536806356,5.816448378359649,5.268047268730026,36.342322856904445
16.6543560996082,7.176353422588474,18.43021626997014,17.30841878699244
15.601169410583495,9.842361460109723,5.253598151623915,10.5455870544658
19.30972148417542,6.678517868371905,14.313207201368765,26.115832853410875
25.47990676164307,4.975139209409589,8.21353885071573,35.004648996566644
23.554551008590867,5.448599975158613,10.0677667848406,23.15892007771576
27.71286964979525,4.006132713747403,17.272510554672454,27.249534923234343
17.961636462082446,8.621708177239528,10.142065047271142,25.152692869165726
22.173594508050755,5.200792589111778,13.413419219891239,28.112598370904767
16.573779870596994,7.041503355391409,17.960464748630077,15.359810877288046
14.20027208998769,8.115158724800386,14.437054699231298,23.512473642293717
23.31123791721827,7.203349299385559,5.942908858442119,24.878106167585486
12.860910863370844,3.2642174042308953,18.38885024314387,30.166768669077587
17.189849653850608,8.934823486844373,15.245812406335022,14.401465143075425
15.812855032396069,8.531045127758354,6.203912127045582,11.40461577083649
15.365619442455587,9.997448529450327,5.964172815674014,11.427339438984696
18.443165679635705,7.956086859514812,5.076247788130944,15.85429605531251
18.861804364860745,2.9206746155525374,15.311916740711217,38.59332444141981
15.462402746926474,9.423560384513259,5.0100633970498505,17.312662254468023
